index,title,artist,duration,duration_sec
1,Вище неба,Океан Ельзи,03:58,238
2,The Hanging Tree,L'Orchestra Cinematique,03:41,221
3,kanye west diss,Хаски,01:48,108
4,Stay Fly,Young Buck & 8Ball & MJG & Three 6 Mafia,03:58,238
5,Ай,Хаски,02:41,161
6,Lumiere,Lorien Testard & Alice Duport-Percier,03:42,222
7,Мультики,Хаски,03:39,219
8,Boeing,DK & umirai,02:03,123
9,Отопление,Хаски,04:32,272
10,Мать императрица,ICEGERGERT,01:51,111
11,777,SALUKI,03:15,195
12,Пироман 17,Хаски,03:26,206
13,Paladin Strait,twenty one pilots,06:29,389
14,365,R96,02:26,146
15,back to friends,TommyMuzzic & RhythmRebel,03:19,199
16,За Байкалом,Хаски,03:01,181
17,агентство насилия™,gotlibgotlibgotlib & SABU,02:15,135
18,tonight,Jker,02:41,161
19,AS IT WAS,Cream,02:46,166
20,End of Beginning,Djo,02:39,159
21,джеймс харден,пазнякс,02:30,150
22,City Walls,twenty one pilots,05:22,322
23,Где мой дом?,IC3PEAK,02:45,165
24,OCG,FRIENDLY THUG 52 NGG & SaintPrince 52,02:21,141
25,in my zone,VALORANT & bbno$,02:52,172
26,Beautiful,Eminem,06:33,393
27,Шиншиллы,ЛСП,02:29,149
28,Танцы на снегу,Хаски,03:06,186
29,СНОВА,GERA AMEN & SALUKI,02:25,145
30,Быть богатым feat. Платина,Voskresenskii & Платина,02:57,177
31,ARC Raiders (II),Patrik Andrén & Johan Söderqvist & Embark Studios,02:51,171
32,Неблагополучная Семья,Мэйби Бэйби,03:17,197
33,Быть орком,Хаски,03:36,216
34,Партизан,Хаски,04:07,247
35,Я объявляю вам войну,Хаски,03:30,210
36,Speranza,Patrik Andrén & Johan Söderqvist & Embark Studios,02:41,161
37,ARC Raiders,Patrik Andrén & Johan Söderqvist & Embark Studios,02:23,143
38,The Wanderer (Prologue),Patrik Andrén & Johan Söderqvist & Embark Studios,02:32,152
39,Extraction. Arc Riders Fucking Mix,Танцевальная Музыка & Музыка В Машину & Музыка для спорта & Deep House & Deep House Music & Фоновая музыка,03:35,215
40,Loot secured. Arc Riders Fucking Mix,Танцевальная Музыка & Музыка В Машину & Музыка для спорта & Deep House & Deep House Music & Фоновая музыка,03:16,196
41,отдыхаем,пазнякс,02:09,129
42,Силиконовый Гном,Мэйби Бэйби,03:33,213
43,Жабинка-Гродно,Мэйби Бэйби & пазнякс,02:49,169
44,Victory Lap Five,Fred again.. & Skepta & plaqueboymax & Denzel Curry & Hanumankind & That Mexican OT,05:45,345
45,Lost Woods,Derek Pope,02:14,134
46,ROMANTIC,SQWOZ BAB,02:36,156
47,The Line (from the series Arcane League of Legends),twenty one pilots & League of Legends & Arcane,03:12,192
48,"...And To Those I Love, Thanks For Sticking Around",$uicideboy$,02:48,168
49,$outh $ide $uicide,$uicideboy$ & Pouya,02:49,169
50,Monologue,ALBLAK 52 & FRIENDLY THUG 52 NGG,02:09,129
51,The Contract,twenty one pilots,03:46,226
52,"0,33",SALUKI,02:28,148
53,I Really Want to Stay at Your House,Rosa Walton & Hallie Coggins,04:22,262
54,ПЕРСОНАЖ (СЕРЫЕ ДОМА),SQWOZ BAB,03:24,204
55,Overcompensate,twenty one pilots,03:56,236
56,Routines In The Night,twenty one pilots,03:23,203
57,Кисти,uniqe & nkeeei & ARTEM SHILOVETS,02:52,172
58,BACKSTAGE,GOTOU寄生獣 & vodvor,01:55,115
59,У батарей,nyan.mp3,01:45,105
60,ВЫЛЕЧИМ,SALUKI,02:59,179
61,BOY$,SALUKI & FEDUK & FRIENDLY THUG 52 NGG,05:31,331
62,БЕСИТ,НАВЕРНОЕ ПОЭТ & ЯКОРЪ & EVEN CUTE & ZODIVK,01:34,94
63,СИСЯМБЫ,НАВЕРНОЕ ПОЭТ & ЯКОРЪ & EVEN CUTE & 5opka,01:43,103
64,ФИГНЯ,НАВЕРНОЕ ПОЭТ & EVEN CUTE & ЯКОРЪ,02:00,120
65,Chalice,Donae'o & Belly & Llord,03:54,234
66,Аминь,2hug,01:30,90
67,Hate.,ThxSoMch,02:15,135
68,Я жить хочу! Хочу печали,Whole Lotta Swag,02:12,132
69,Репортаж,Whole Lotta Swag,02:09,129
70,ilomilo,Billie Eilish,02:36,156
71,Earth Song,Michael Jackson,06:19,379
72,BORN FROM THE DIRT,Haarper,02:33,153
73,Surround Sound,JID & 21 Savage & Baby Tate,03:50,230
74,В погоне за счастьем,ffuckdrream,01:52,112
75,Честных правил,Markul,02:26,146
76,The Cure,Jadu Heart,03:57,237
77,CHIHIRO,Billie Eilish,05:03,303
78,Churchyard,AURORA,03:46,226
79,was gone,TendyOne & Balekajøn & nevertried & RONVXER,01:45,105
80,edamame,bbno$ & Rich Brian,02:14,134
81,Понимаешь,Whole Lotta Swag,02:45,165
82,Время,2hug,02:23,143
83,КРАСИВА,лил кидд,01:42,102
84,aurora,kittyangel,02:35,155
85,Metamorphosis,Emi,02:31,151
86,Пусто,V $ X V PRiNCE & BOLLO,03:22,202
87,1-800,bbno$ & ironmouse,03:30,210
88,check,bbno$,02:02,122
89,Руки у руля,thxnderbeatz & itgmq Brazil,02:05,125
90,Цезарь group,ICEGERGERT & A-THIS 52,02:08,128
91,LUNA,HVZVRD & S3NPV1,01:29,89
92,AIST,FRIENDLY THUG 52 NGG,02:12,132
93,Pacify Her,Melanie Martinez,03:40,220
94,Браги два бидона,GORILLA GLU & LIL NAKU,02:28,148
95,Soft Universe,AURORA,04:00,240
96,jump (blackp),Baret,02:34,154
97,SEQUENCIA MALEFICA 1.0 (8D) (8D),RXPOSO99,01:36,96
98,Передел,Макс Корж,05:04,304
99,Делай,Whole Lotta Swag,02:57,177
100,to the grave,Bea Miller & mike.,03:58,238
101,Пневмония,Whole Lotta Swag,02:04,124
102,МИР ГОРИТ,Oxxxymiron,03:25,205
103,Улет,Oxxxymiron,02:31,151
104,КТО УБИЛ МАРКА?,Oxxxymiron,09:27,567
105,9568,Whole Lotta Swag,01:57,117
106,bellyache,Billie Eilish,02:59,179
107,Оффер,Whole Lotta Swag,02:16,136
108,Никому не верить,Whole Lotta Swag,02:12,132
109,dying on the inside,Nessa Barrett,03:25,205
110,Amsterdam,ICEGERGERT,02:31,151
111,Наследство,ICEGERGERT & SKY RAE,02:11,131
112,high enough,nowayback,02:13,133
113,Мне скучно жить,ЛСП & Oxxxymiron,03:52,232
114,"Надо знать, чего хотеть",Whole Lotta Swag,03:01,181
115,Окраина,Whole Lotta Swag & Скриптонит,02:58,178
116,Травмы,Whole Lotta Swag,02:09,129
117,Заработаю,пороксердца,01:54,114
118,Где нас нет,Oxxxymiron,04:26,266
119,Aria Math,bxkq & Hardx,04:05,245
120,Я тебя люблю,Whole Lotta Swag,01:59,119
121,ウィ・アー・ザ・ピープル,Empire Of The Sun & Luke Steele & Nicholas Littlemore,04:29,269
122,СВАГА,HELLOVERCAVI & SODA LUV,01:39,99
123,"ЯЛРС (prod. by YG Woods, 8keey)",SODA LUV,02:10,130
124,A New Love,Immoral Freak,01:56,116
125,STRANGERS,Zachary,02:34,154
126,Neon Gravestones,twenty one pilots,04:00,240
127,Save Your Tears,The Weeknd,03:36,216
128,Реальность,2hug,01:41,101
129,КТО ТЕБЕ ЭТО СКАЗАЛ,Pepel Nahudi,02:13,133
130,TOKYO,SQWOZ BAB,02:41,161
131,YVNNV,mxnarch,02:04,124
132,Round 3 (Vs ШУММ) [prod. by OSMOS],RAM,01:59,119
133,Рано,Whole Lotta Swag,02:12,132
134,Сонце сідає,Океан Ельзи,03:11,191
135,Без бою,Океан Ельзи,04:18,258
136,Кухни,Бонд с кнопкой,02:21,141
137,Расскажи мне о любви,Грязь,03:31,211
138,Нежно х тримай,7azilov,03:04,184
139,Тоска,Whole Lotta Swag,02:37,157
140,On The Line,ALBLAK 52,01:55,115
141,Dobrota,TONYY MANTANAA,02:16,136
142,М,Дайте танк (!),03:20,200
143,Сказки,Хаски,02:29,149
144,RightClickSaveIt,BONES,01:56,116
145,Заложник,Хаски,03:54,234
146,try,indikt,03:00,180
147,HDMI,BONES,02:19,139
148,This Summer,Maroon 5,03:45,225
149,Box Chevy,Yelawolf & Rittz The Rapper,04:53,293
150,The Hills,The Weeknd,04:02,242
151,Sweet Harmony (feat. Pearl Andersson),Sans Souci & Pearl Andersson,02:30,150
152,Ms. Jackson,OutKast,03:59,239
153,Starboy,The Weeknd & Daft Punk,03:50,230
154,Хорошие новости,Whole Lotta Swag,02:53,173
155,68 парень,Whole Lotta Swag,02:12,132
156,Накануне,Oxxxymiron,03:41,221
157,Лондонград,Oxxxymiron,03:29,209
158,Слоны и кролики будут счастливы (Prod. by 7/15),Galafo,02:22,142
159,дьявол в деталях,pyrokinesis,03:01,181
160,моя великая вина,pyrokinesis,03:35,215
161,молчаливое согласие небес,pyrokinesis,02:15,135
162,её влюбленные глаза,pyrokinesis,02:15,135
163,Whole House,LOLAWOLF,03:02,182
164,Thug,Slim Thug,03:51,231
165,Welcome to Moscow,EVEN CUTE & ЯКОРЪ & НАВЕРНОЕ ПОЭТ & derzko69,01:38,98
166,ФСБ,Каспер & SKWLKR & Lastfragment,02:27,147
167,АНТИДЕПРЕССАНТЫ,MORGENSHTERN,02:33,153
168,ПУСТОЙ ВОКЗАЛ,MORGENSHTERN,02:50,170
169,КРАСНЫЙ ФЛАГ,MORGENSHTERN,02:26,146
170,"ДОМ (Лондон, Прага, Ницца)",MORGENSHTERN,02:34,154
171,ПОВОД,MORGENSHTERN,02:33,153
172,30,Jubilee,04:28,268
173,Tongue Tied,Grouplove,03:38,218
174,Сколько стоят деньги?,Хаски,02:07,127
175,Гектор,ICEGERGERT,01:22,82
176,Casino,ICEGERGERT,01:57,117
177,Зая Hardstyle,Cenker & Edgy,01:35,95
178,Страгл,Whole Lotta Swag,02:07,127
179,Роман 2.0,Винтаж & hosy,02:21,141
180,Закричу на весь мир,Танисия,05:20,320
181,Deadboy98,REDZED,02:11,131
182,Get Up,Stanton Warriors & Ruby Goe & Hollywood Holt,04:23,263
183,4:45,K.E.FEAR,03:54,234
184,Это пройдет быстро,пороксердца,02:53,173
185,Сомнения,Roxxy,02:14,134
186,Маяк,NEMIGA,04:31,271
187,Белым,NEMIGA,03:44,224
188,GENDER,SQWOZ BAB,02:22,142
189,What happend again?,Hugo Loud,01:53,113
190,Москва,DJ SMASH & Винтаж,03:45,225
191,Angels (Love Is The Answer),Morandi,03:45,225
192,Правда,Whole Lotta Swag,02:22,142
193,Разница,Whole Lotta Swag,02:20,140
194,Прокля Табыла,Пошлая Молли,02:22,142
195,Адская колыбельная,Пошлая Молли,02:58,178
196,Безумие,ЛСП & Oxxxymiron,03:46,226
197,Синее,ЛСП,03:29,209
198,Lost Angeles,FRIENDLY THUG 52 NGG,01:54,114
199,Буревестник,Miyagi & Andy Panda,04:07,247
200,Если,Green Apelsin,02:56,176
201,Солнце,Апология,02:00,120
202,Чудотворец,Lodoss,02:47,167
203,Faint,Linkin Park,02:42,162
204,Побег,Луперкаль,03:31,211
205,Зима в сердце,Моя Мишель,04:05,245
206,Ева,Винтаж,04:09,249
207,Молодость моя,OM.,02:57,177
208,лазить по стенам,zhanulka,02:33,153
209,Девочка в классе,Джизус,04:14,254
210,Громко,Хаски & Кишлак,03:06,186
211,HERE,Martin's Muzic MVP & Yarushaa,01:47,107
212,Sunday Scaries,UMBASA & killanoia,01:47,107
213,Биг Сити Лайф,Whole Lotta Swag,02:08,128
214,CRUSH VIBE,Lestmor & ROMANTICA,01:58,118
215,ПЛОТНО,f0lk,02:00,120
216,Кошмары,Руслан Утюг,02:57,177
217,Я иду по городу,WASSSUP,02:46,166
218,THIS IS REAL,f0lk,02:30,150
219,мечта,Lizer & Highself,02:50,170
220,рискую,вэйст! & w3bcry,01:46,106
221,too much,bullish,02:38,158
222,strangers again,eenspire,01:33,93
223,РУССКАЯ ДУША,НАВЕРНОЕ ПОЭТ & EVEN CUTE & ЯКОРЪ & derzko69,02:44,164
224,если бы,daur,02:42,162
225,ХОЧЕТ НАС,НАВЕРНОЕ ПОЭТ & ЯКОРЪ & EVEN CUTE,02:33,153
226,"Буря, метель и мгла",Канги & mzlff & STED.D,02:15,135
227,Люцифер,Хаски,02:57,177
228,Наступит ночь,Бьянка & FADE031,01:42,102
229,РЕВНУЮ,Aarne & BUSHIDO ZHO & Liza Evans,02:41,161
230,Молодой русский,Хаски,02:21,141
231,Rock Star,Novo & Mnogoznaal,05:10,310
232,Hurra die Welt geht unter,K.I.Z & Henning May,04:45,285
233,Наивно,Рубеж Веков,02:37,157
234,Цепи,Скриптонит & 104,03:27,207
235,Спокойной ночи,ALBLAK 52 & Скриптонит & FRIENDLY THUG 52 NGG,03:28,208
236,+7(952)812,ALBLAK 52,01:47,107
237,Космос,Скриптонит & Charusha,03:48,228
238,i wanna feel u.,Crier,02:01,121
239,Селфхарм,Монеточка,03:08,188
240,300 (prod.by DJ AUX),SQWOZ BAB,02:05,125
241,Zachem,6YNTHMANE & 5sta Family & BAbyBoi,01:53,113
242,BRITNEY,OBLADAET,02:53,173
243,НА ДОРОГАХ,ГЛАКИ & EVALLEKS,01:58,118
244,Вместе мы,5sta Family,03:36,216
245,Шоколадка,Минаева,02:49,169
246,Ритм сердца,Антоха МС,04:45,285
247,запретить,SLAVA MARLOW,02:54,174
248,Summer Vibe,42NA,01:46,106
249,В РОССИИ ЖИТЬ ПИЗДАТО,EVEN CUTE & НАВЕРНОЕ ПОЭТ & ЯКОРЪ,02:01,121
250,ЗАХОТЕЛ,НАВЕРНОЕ ПОЭТ & ЯКОРЪ & EVEN CUTE,01:40,100
251,Потеряла голову,Xdree,01:40,100
252,я не могу тебя найти,SLAVA MARLOW,02:57,177
253,Supersonic,Big Baby Tape & Aarne,02:44,164
254,Falling Stars,DVRST & polnalyubvi,02:34,154
255,Воскресение,ЛСП,03:01,181
256,ЗАБЕРИ МОЮ МОЛОДОСТЬ,GSPD,03:03,183
257,Yugoslavskiy Groove,Soft Blade,04:04,244
258,Made In Russia,RAM & KOMMO,02:39,159
259,CHIPI CHAPA FUNK,Neverlet,02:29,149
260,Йупи Йо,Scally Milano & 163ONMYNECK & MAYOT,02:20,140
261,SILENCER,H8.HOOD,02:02,122
262,Дорога,МакSим,03:10,190
263,королева ночей,guntor,01:57,117
264,Чёрные глаза,Айдамир Мугу,05:44,344
265,Sua amiga deu,MC Levin,02:58,178
266,Sua amiga vou sarrar,MC Levin,02:30,150
267,покой,лампабикт,04:22,262
268,Завтра,OMNIXX,03:00,180
269,далеко (большой Бушизм) [prod. by wex & heysubr],BUSHIDO ZHO,01:47,107
270,Голгофа,Miyagi & Эндшпиль,03:27,207
271,19,ssshhhiiittt!,05:01,301
272,однополярности,mzlff & STED.D,02:50,170
273,FREETATO,apillsinjuice,01:50,110
274,2003,Liaze & Equal,02:16,136
275,Мадафака,Jakone & A.V.G,01:40,100
276,M11,Big Baby Tape & ALBLAK 52,02:37,157
277,GoodDayFlopTray,DJ Stonik1917,03:06,186
278,Тебя нет,ssshhhiiittt!,04:23,263
279,"ДА, Я РУССКИЙ",НАВЕРНОЕ ПОЭТ & ЯКОРЪ & EVEN CUTE & Ernest Merkel,01:55,115
280,Ты не верь слезам (LAB с Антоном Беляевым),Gruppa Skryptonite & Therr Maitz,04:07,247
281,Impact (Prod. by Osmos) (Prod. by Osmos),RAM,02:41,161
282,Мой папа из ФСБ,Fargo,03:09,189
283,Звёзды,Cafard,02:45,165
284,Паранойя,Kambulat,01:56,116
285,Ветер перемен,SLEM,01:30,90
286,na Circus,FRIENDLY THUG 52 NGG & Скриптонит,03:10,190
287,Черный ворон,SHTIL,03:27,207
288,Их там нет,Каспер,02:53,173
289,Рассвет,Каспер,02:40,160
290,Крутится,ODURACHEN,02:04,124
291,Хэппи энд,TEKSIDR,02:55,175
292,Хроника-Беслан,Гио Пика,01:50,110
293,Адонай,Mnogoznaal,03:51,231
294,Холод,shadowraze,02:04,124
295,Murder Rate,kizaru,02:57,177
296,Грею счастье,Ёлка,03:38,218
297,Нормально,Привет,02:21,141
298,Выбирать чудо,NYUSHA,04:26,266
299,Выше,NYUSHA,03:58,238
300,План «Перехват»,Mnogoznaal & ЯАVЬ,01:33,93
301,От Марса до Сатурна,Вишневский,04:09,249
302,25,Markul,02:54,174
303,Больно,NYUSHA,03:36,216
304,Пьяное солнце,ALEKSEEV,03:41,221
305,Маленький самолёт,INSTASAMKA,02:07,127
306,The Alchemist,Haarper,01:57,117
307,WAGNER,BRATEEVSKY & Skyth27,03:03,183
308,Добрый воин,РОДНАЯ РЕЧЬ,03:23,203
309,Оркестр Вагнер,SHTIL,02:12,132
310,Русская весна,С.В.О.Й,03:10,190
311,Маршруты,Dasha Mist,02:06,126
312,Пальмира,Луна,04:13,253
313,Рейс 127,Обнимая небо,03:02,182
314,Люди изо льда,Привет,03:46,226
315,Катюша,Чаруша и Женя Мильковский,04:48,288
316,Тёмно-оранжевый закат,Папин Олимпос,02:29,149
317,Пыяла,АИГЕЛ,03:30,210
318,AUTOMOTIVO BIBI FOGOSA,mp music,02:30,150
319,Холостяк,ЛСП & FEDUK & ЕГОР КРИД,03:02,182
320,Перезимую,Наша Таня & Три дня дождя,02:30,150
321,Молодость,NEMIGA,03:43,223
322,"там, где хорошо",ANIKV,03:35,215
323,не успел сказать,guntor,02:30,150
324,Не герой,7Б,04:19,259
325,снежинка,mzlff,03:06,186
326,боль,лампабикт,01:51,111
327,зло,лампабикт,02:43,163
328,Жмурки,H8.HOOD,02:09,129
329,Atomic Heart,ENSKA,02:27,147
330,Не любил,OM.,02:07,127
331,Перестань,OM. & MARTYNOVA,03:03,183
332,Джефри,Mnogoznaal,02:31,151
333,Сансара,Баста & Диана Арбенина & Александр Ф. Скляр & Сергей Бобунец & SunSay & Скриптонит,06:03,363
334,Этажи,Дорогой Дневник,03:20,200
335,Если в сердце живёт любовь,Юлия Савичева,02:55,175
336,Prekrasnoe Dalyoko,Particles & кошечка & Atomic Heart,02:01,121
337,Спутник 420,OM.,03:45,225
338,Дима Дома,OM.,02:11,131
339,Исключение,Макс Корж,05:01,301
340,Аллилуйя,Дарья Виардо,03:34,214
341,Беспечный рыцарь тьмы,Пошлая Молли,03:54,234
342,Occupation,oskalizator.,03:45,225
343,Дырявая голова,Рубеж Веков,03:43,223
344,Небо поможет нам,Макс Корж,03:29,209
345,ЗА ДЕНЬГИ ДА,INSTASAMKA,01:59,119
346,runaway.,Crier,02:00,120
347,ZEMLYA,Маша и Медведи & EDWXRDX,02:25,145
348,BURN IT DOWN,Linkin Park,03:50,230
349,Me Gustas Tú,Manu Chao,04:00,240
350,THE ONE WHO LOVE YOU,HVZVRD & DIXSDAIN,01:30,90
351,Твои глаза,polnalyubvi,02:48,168
352,Нуар,Moriko,02:40,160
353,Плохая девочка,Винтаж & ТРАВМА & SKIDRI & DVRKLXGHT,02:15,135
354,Paramedic,emosplash,03:00,180
355,Открой глаза,OM.,03:23,203
356,WAKARIMASEN,КУОК,02:09,129
357,Астронавт,ATL,02:57,177
358,6 am,totpoc,02:19,139
359,Instant Karma,11july,03:14,194
360,Нет Проблем,SLAVA MARLOW & MK,01:34,94
361,SHAKE,INSTASAMKA,02:11,131
362,Мимо подъездов,Максим Свобода,03:21,201
363,Отключаю телефон,INSTASAMKA,02:33,153
364,Акид,PHARAOH & Mnogoznaal,02:41,161
365,ДЖИВАНШИ,STUFF,02:17,137
366,Типичная вечеринка с бассейном,Пошлая Молли,04:34,274
367,Колёса крутятся,G-Voo & NZCH & ния,03:06,186
368,Быть дауном,Loqiemean,03:37,217
369,архив,вышел покурить,02:43,163
370,Поэзия фольги,УННВ,02:51,171
371,Пьяные города,Кишлак,02:06,126
372,Пугающе красивый сон,Mnogoznaal,02:05,125
373,"Бейся сердце, время биться",Сироткин,03:34,214
374,vodila,BUSHIDO ZHO,01:51,111
375,Муза,УННВ,02:02,122
376,Дуга,Mnogoznaal,02:28,148
377,Темнота,BATO,01:38,98
378,Bon Voyage,Big Baby Tape & kizaru,02:15,135
379,Мэджик пипл,ATL,03:34,214
380,Винрар,OG Buda & 163ONMYNECK,02:27,147
381,ПОКОЙ,НИКИ КО МОРИ,02:42,162
382,Фонтанчик с дельфином,Гио Пика,02:00,120
383,Выше домов,Сироткин,05:04,304
384,"Убиты, но не вами",УННВ,02:54,174
385,Zodiac,Mujuice,03:32,212
386,Ад-Колыма,Гио Пика,02:43,163
387,Курить,Jakone & A.V.G & Итачи,02:08,128
388,Тесно,Aarne & BUSHIDO ZHO & ANIKV,02:13,133
389,Почему,mightymason,01:32,92
390,Где прошла ты,Кравц & Гио Пика,02:48,168
391,Tongue Tied,Mac Rockelle,01:44,104
392,Дай мне посмотреть,Heronwater & BUSHIDO ZHO,02:06,126
393,С любовью,CAPTOWN,02:06,126
394,Я тупой,BUSTER & Lixxx & Frame Tamer & Rostik,02:09,129
395,False Alarm,The Weeknd,03:40,220
396,Беспредел,вышел покурить,02:11,131
397,Дом Периньон,Пошлая Молли & Элджей,02:55,175
398,Запятые,FrozenGangBeatz & SODA LUV & RVMZES,02:52,172
399,SLEEPKNOT,OBLADAET,02:03,123
400,BLIND ZONE,OBLADAET,02:05,125
401,FOR MULA,OBLADAET,02:46,166
402,Тмстс,Пошлая Молли,02:40,160
403,Супермаркет,Пошлая Молли,03:34,214
404,Любимая песня твоей сестры,Пошлая Молли,03:08,188
405,Мишка,Пошлая Молли & KATERINA,02:39,159
406,New day,Sagath & TRU47,02:00,120
407,эдельвейс,pyrokinesis,03:11,191
408,Все хотят меня поцеловать,Пошлая Молли,02:24,144
409,MiMiMaMaMu,Exile & STOPBAN & DILBLIN,03:05,185
410,Z-Pam,Mnogoznaal,02:50,170
411,Порнхаб Крисмас клаб,Пошлая Молли,04:07,247
412,Пацан,LeanJe,03:34,214
413,Передаю привет,METAN,02:08,128
414,В ахуе,БРЕДИШЬ,01:55,115
415,Провинциальная сказка,LeanJe,03:15,195
416,Дом,VTORNIK,03:00,180
417,УЛИЦЫ,BATO & Boulevard Depo,02:08,128
418,Битум,OMNIXX,03:20,200
419,Унанай,SunThugga,01:47,107
420,СТРИТ КРЕДО,КУОК,03:27,207
421,Священный мошпит,Drummatix,02:42,162
422,Скажи мне кто ты,xxxmanera,02:12,132
423,КАЖДЫЙ ДЕНЬ,Pepel Nahudi,01:52,112
424,LAGG OUT,SALUKI & ATL,04:22,262
425,Sweet Avalon,Amphibious Zoo Music,03:27,207
426,Komarovo (Slowed),DVRST & Игорь Скляр & Atomic Heart,02:44,164
427,О любви,Хаски,02:42,162
428,Karma,Lastfragment,02:04,124
429,Yellow,Coldplay,04:27,267
430,Диссонанс,ATL,03:40,220
431,08.12.1980,Свидание,03:14,194
432,Euphor,Novo Amor & Lowswimmer,04:03,243
433,Ничего нового,Atlantida Project & Noize MC,04:31,271
434,С самых высоких скал,Сироткин,03:33,213
435,UNITED,UNITED & Pharmacist & GOSELINE & KURT92 & TRU47 & Sagath,02:09,129
436,Темнота,семьсот семь,01:46,106
437,Вечно Молодой,Lastfragment,02:58,178
438,ZOV,Lastfragment,02:02,122
439,Вечная весна,ЛСП,02:48,168
440,Autopoetry,Boulevard Depo & SP4K,02:26,146
441,Пот,RAM,03:02,182
442,Навсегда,Сироткин,03:20,200
443,Человек-занавеска,лампабикт,02:46,166
444,Никогда,НЕЗАБУДКИ & Элли на маковом поле,03:59,239
445,BROTHA BROTHA,SALUKI & Boulevard Depo,03:08,188
446,Ограбление,SunThugga,02:28,148
447,Затмение,RAM & LeanJe,03:24,204
448,Toxin,SID & RAM,02:34,154
449,Заря,TMNV,03:16,196
450,Кроме твоего лица,Три дня дождя & INSPACE,03:08,188
451,Зверь,Sagath & Lookaway,02:03,123
452,Мысли,семьсот семь,01:46,106
453,Opening Titles,Hans Zimmer & Lorne Balfe,03:25,205
454,Mr. Rattlebone,Matt Maeson,04:15,255
455,Вылетают зубы,Fatal-M & Sagath,02:55,175
456,Devils in the house,Sagath,02:32,152
457,Чудовище тоже может любить,Sagath,05:26,326
458,Step on the gas,Sagath,02:18,138
459,Ангелбес,Sagath & Elias Fogg,02:22,142
460,Груб и жесток,Sagath,02:32,152
461,40 DAYS,GREEN ORXNGE & Sagath,01:55,115
462,Мёртвая принцесса,Sagath,04:36,276
463,Ride Or Die,Big Baby Tape & kizaru,03:04,184
464,FAX,Big Baby Tape,02:03,123
465,Mama Makusa,Big Baby Tape & kizaru,02:53,173
466,ЛУЧШЕ НИ С КЕМ,STED.D,02:32,152
467,Нотные станы,Свидание,03:20,200
468,Eyes Half Closed,Crywolf,06:46,406
469,Not Today,twenty one pilots,03:58,238
470,Angry toy$,Boulevard Depo,02:07,127
471,Frame of Mind,Tristam & Braken,04:34,274
472,Rise Up,TheFatRat,02:50,170
473,Ни много ни мало,Boulevard Depo,02:23,143
474,Дорога туда / Везде бардак,лампабикт,04:49,289
475,Вакуум,лампабикт,05:27,327
476,Быль,лампабикт & Haydron,02:51,171
477,плафон,лампабикт,03:15,195
478,The Search,NF,04:08,248
479,Hold On,Arman Cekin,03:07,187
480,Crossfire,Stephen,04:31,271
481,Dead to Me,Lox Chatterbox,03:41,221
482,WHY WE LOSE,Slowyver,03:33,213
483,Полёт нормальный,Markul,01:59,119
484,Голова болит,SALUKI & вышел покурить,03:49,229
485,болезнь,cold carti,02:34,154
486,AYОЙ,Boulevard Depo,02:21,141
487,Я бью людей,ЯМАУГЛИ,02:10,130
488,Тупик,SALUKI & ROCKET,03:05,185
489,БЫЛО И БЫЛО,STED.D,03:00,180
490,OFF TOP,Boulevard Depo,01:59,119
491,Катафалк,Boulevard Depo,02:40,160
492,Королева,лампабикт,02:29,149
493,Объятия,лампабикт,03:28,208
494,Ирония,лампабикт,02:37,157
495,Пуля-дура,Хаски,03:34,214
496,Glue,Bicep,04:29,269
497,Eden,Sadistik,01:59,119
498,A Moment Apart,ODESZA,03:54,234
499,Закройте,лампабикт,03:22,202
500,Weak,AJR,03:21,201
501,There's Nothing Holdin' Me Back,Shawn Mendes,03:19,199
502,разодрать себе грудь,лампабикт,03:48,228
503,немерено,лампабикт & Элли на маковом поле,03:25,205
504,"Там, где мой дом",Гости Гаррисона,03:40,220
505,Время,семьсот семь,01:49,109
506,Больше не курю,KENTUKKI,02:46,166
507,Крылья,лампабикт,03:34,214
508,Saka Saka Saka,MC Mazzie & DJ NpcSize & DJ WIZARD,03:04,184
509,sweater holes,дипинс,02:06,126
510,Cut My Lip,twenty one pilots,04:43,283
511,Этажи,дипинс,02:35,155
512,METAMORPHOSIS,INTERWORLD,02:23,143
513,The Outside,twenty one pilots,03:37,217
514,Я верю (Спутник),OM. & Ваня Дмитриенко,03:28,208
515,Пока-пора,Bahroma,05:50,350
516,Биться ногами,Aflapoid & найтивыход,03:03,183
517,Veins,Onative,02:46,166
518,АЙОЙ RMX,Boulevard Depo,02:03,123
519,4x4,Boulevard Depo,02:12,132
520,ВОТОНЯ,Boulevard Depo & SEEMEE,02:17,137
521,Lane Boy,twenty one pilots,04:13,253
522,портреты,zhanulka,02:52,172
523,Hymn For The Weekend,Coldplay,04:18,258
524,ДА,Boulevard Depo,03:19,199
525,Ночь,veerneeer,03:12,192
526,Фонари,Nasty Babe,02:19,139
527,7Б Phonk Edition,NERONUS,04:45,285
528,Я в деле,SLAVA MARLOW,01:33,93
529,99 Problems,Big Baby Tape & kizaru,02:39,159
530,беспредел,вышел покурить & CLONNEX,01:51,111
531,Вы,Дайте танк (!),02:48,168
532,astral step,shadowraze,02:01,121
533,showdown,shadowraze,02:00,120
534,Без тебя я тону в этом море (prod. by devianprod),5УТРА,01:43,103
535,Камеры врут,10AGE,02:17,137
536,Маклауд,Макс Корж,02:58,178
537,Толер,10AGE,03:17,197
538,Огни,ANIKV & SALUKI,02:27,147
539,V Λ C U U M,WOODJU,02:53,173
540,Trava u Doma,GeoffPlaysGuitar & Земляне & Atomic Heart,03:54,234
541,Zvyozdnoe Leto,GeoffPlaysGuitar & Алла Пугачёва & Ритм & Atomic Heart,04:39,279
542,Кукушка,КИНО,06:39,399
543,Спокойная ночь,КИНО,06:23,383
544,Звезда по имени Солнце,КИНО,03:46,226
545,Перемен,КИНО,04:53,293
546,Группа крови,КИНО,03:55,235
547,Komarovo,DVRST & Игорь Скляр & Atomic Heart,02:26,146
548,when the party's over,Billie Eilish,03:20,200
549,если ты забыла как дышать (prod. by xmindmemories),cold carti,01:40,100
550,не хочу (prod. by xmindmemories),cold carti,02:23,143
551,Rolling in the Deep,Adele,03:48,228
552,Ай да Россия,HELVEGEN,03:30,210
553,Holding on to You,twenty one pilots,04:24,264
554,Cancer,twenty one pilots,03:57,237
555,Doubt,twenty one pilots,03:11,191
556,Anchor,Novo Amor,04:18,258
557,Fight Back With Love Tonight,Kush Kush,03:26,206
558,Parallel Parking,Arden Jones,01:59,119
559,Бит шатает голову,Хаски,03:51,231
560,Track 03,Хаски & масло черного тмина & Andy Panda,02:35,155
561,Молодость всё прощает,Макс Корж,03:03,183
562,Ugly Boy,Die Antwoord,03:34,214
563,Don't Panic,Coldplay,02:17,137
564,Молодой,NyBracho,01:52,112
565,WORLDSTAR MONEY,Speed Radio,02:06,126
566,Возвращайся,angel vox,03:47,227
567,1-800-273-8255,Logic & Alessia Cara & Khalid,04:10,250
568,Runaway,AURORA,04:11,251
569,I Love You So,The Walters,02:40,160
570,Моя голова винтом,kostromin,02:20,140
571,Ylang Ylang,FKJ & ((( O ))),03:33,213
572,It's Ok,Edith Whiskers,03:34,214
573,Migraine,twenty one pilots,03:59,239
574,Trees,twenty one pilots,04:27,267
575,Baby's On Fire,Die Antwoord,03:57,237
576,Cookie Thumper!,Die Antwoord,03:24,204
577,When I'm Small,Phantogram,04:09,249
578,ОГНЕЙ,SALUKI,03:02,182
579,Autophobia,oskalizator.,04:00,240
580,This Feeling,my!lane,02:44,164
581,Паровозик,10AGE,02:43,163
582,Лайки,Би-2,03:32,212
583,в ад только перед тобой в рай только после тебя,pyrokinesis & BOOKER,02:45,165
584,Fairly Local,twenty one pilots,03:27,207
585,Levitate,twenty one pilots,02:26,146
586,"Шаг влево, шаг вправо",Хаски,02:34,154
587,THINKIN OF A DRIVE BY,DVRST & Kingpin Skinny Pimp,02:27,147
588,Мой кайф,PHARAOH,02:42,162
589,youth,akiaura & LONOWN & Loneliness,02:38,158
590,TROJAN HORSE,Sebastian Paul,04:26,266
591,Function,TOPE2DIE,03:45,225
592,Не по пути,PHARAOH,02:37,157
593,Something In The Way,Nirvana,03:52,232
594,Песня для К,Хаски,03:45,225
595,"Дико, например",PHARAOH,02:48,168
596,Ореол,HORUS,03:12,192
597,На грустной ноте,УННВ,02:33,153
598,WASTE,KXLLSWXTCH,02:00,120
599,ОТ ЗЕМЛИ ДО ЛУНЫ,Aflapoid & heroinsickkk,02:12,132
600,Антигерой,Mnogoznaal,02:11,131
601,Томас Шелби,Kambulat,02:38,158
602,Starry Night,Jordan Critz,04:58,298
603,03,cold carti,02:07,127
604,Седьмое октября,Хаски,02:46,166
605,I MET SARAH IN THE BATHROOM,Bryston,02:01,121
606,Выпей меня,Kambulat,02:43,163
607,horror story,Arden Jones,02:03,123
608,Убей меня,Хаски & масло черного тмина,02:14,134
609,Не сдамся,Вектор А,03:04,184
610,Пауза,Kambulat,02:35,155
611,Ноктюрн,Хаски & масло черного тмина & Сюзанна,03:51,231
612,Мне это не нужно,kizaru,03:27,207
613,Она сказала мне,STED.D,02:48,168
614,"Мой ангел убил себя, я не успел с ним попрощаться",PHARAOH,02:25,145
615,быть частью,cold carti,02:08,128
616,Choker,twenty one pilots,03:43,223
617,Город,WHITE GALLOWS,02:03,123
618,Не приходи,cold carti & Райс,02:27,147
619,Пока все спят,cold carti,02:14,134
620,Бог войны,Хаски,03:42,222
621,уход,cold carti & DRUCY,02:12,132
622,BIRTH,DVRST & 6 Senz,03:59,239
623,Contract,sakuraije & Liewsenn,03:42,222
624,this is what heartbreak feels like (pretty little liar),Jvke,02:38,158
625,скоро (prod. by xmindmemories),cold carti,02:39,159
626,Home,Edith Whiskers,03:17,197
627,CtrlAltDelete,BONES,02:58,178
628,CRAZY FROG,ЯМАУГЛИ,01:33,93
629,My Flaws Burn Through My Skin Like Demonic Flames from Hell,$uicideboy$,02:48,168
630,comfort chain,umbrellq & fieldstrips,02:51,171
631,Aglow (Intro),Karamel Kel,02:06,126
632,there is light in us,Mathbonus,05:00,300
633,"if it's real, then i'll stay (slowed + reverb)",Bonjr,03:47,227
634,this feeling,Øneheart,01:34,94
635,outside,Øneheart,01:46,106
636,snowfall,Øneheart & reidenshi,02:04,124
637,Снадобье,Макс Корж,03:22,202
638,Доверял,Макс Корж,04:31,271
639,Ты далеко,Макс Корж,03:41,221
640,Это наш путь,Макс Корж,02:56,176
641,ОЙ,SQWOZ BAB,02:37,157
642,Surname,Big Baby Tape,02:37,157
643,Wasabi,Big Baby Tape,02:55,175
644,Natalie,Milk & Bone,04:35,275
645,Где найти силы,SLAVA MARLOW & Biicla,02:29,149
646,СЪЕЛ ДЕДА,MORGENSHTERN & SLAVA MARLOW,01:49,109
647,Свет и тень,STED.D,02:17,137
648,ШИЗА,ЯМАУГЛИ,02:10,130
649,СТРАШНАЯ ПЕСНЯ,ЯМАУГЛИ,02:07,127
650,Don't Dwell.,Barnacle Boi,03:34,214
651,В унисон,ATL,02:20,140
652,ПАРА ГРЁБАНЫХ МИНУТ,STED.D,03:11,191
653,ЧЕРНЫЙ СНЕГ,STED.D,03:20,200
654,I Found A Way,First Aid Kit,04:13,253
655,Вселенная,Vopross,02:24,144
656,Meaning,Cascadeur,02:57,177
657,Быстро,MORGENSHTERN & SLAVA MARLOW,01:56,116
658,Suicidal Thoughts,Josh A & Iamjakehill,03:02,182
659,Jocelyn Flores,XXXTentacion,01:59,119
660,Save Me,XXXTentacion,02:43,163
661,the remedy for a broken heart (why am I so in love),XXXTentacion,02:40,160
662,Hokage,Big Baby Tape,02:54,174
663,ULTRA TRACK,ЯМАУГЛИ,01:47,107
664,Метель,HORUS & Mnogoznaal,02:24,144
665,ГАЛАВА,ЯМАУГЛИ,02:18,138
666,Beautiful Pain,Eminem & Sia,04:25,265
667,Бог слышит нас,Saint Wenz,02:29,149
668,Трек недоступен,—,—,0
669,Моя кошка,Never Get Used To People,02:53,173
670,kitty phonk,soviss,01:30,90
671,Life Letters,Never Get Used To People,02:28,148
672,аморе аморе,pyrokinesis,02:40,160
673,Танцуйте,ATL,03:41,221
674,Мир гарь,DK,02:37,157
675,2 типа людей,Макс Корж,04:16,256
676,Стань,Макс Корж,03:08,188
677,Малиновый закат,Макс Корж,02:58,178
678,Пьяный дождь,Макс Корж,03:16,196
679,Panamera,GOODY,03:00,180
680,All Time Low,Chymes,02:39,159
681,Оптимист,Макс Корж,03:21,201
682,Серпантин,Markul,03:07,187
683,Худший друг,Markul,03:03,183
684,ПУСТОТА,GONE.Fludd,04:11,251
685,САМИМ СОБОЙ,ФОГЕЛЬ,02:36,156
686,B.I.D,Markul,03:13,193
687,Shy Away,twenty one pilots,02:55,175
688,Stay with me,yonite & Whybaby_ff & 1nonly & yamix31,02:22,142
689,BOYS DON'T CRY,GONE.Fludd,02:27,147
690,Журавли,10AGE,03:34,214
691,Другие дела,10AGE,02:51,171
692,Жизнь,10AGE,02:21,141
693,Близко,10AGE,02:42,162
694,Morph,twenty one pilots,04:19,259
695,Let Me Down Slowly,Alec Benjamin,02:49,169
696,Родная пой,Miyagi & KADI,04:22,262
697,Touch the Sky,Ollane & Miyagi,02:50,170
698,Всего лишь писатель,Oxxxymiron,03:29,209
699,Панические атаки,Sagath,03:23,203
700,Гвозди,Noize MC & Atlantida Project,03:31,211
701,Родители такому не научат (1 часть),RAM,03:31,211
702,Counting Days Till Suicide,REDZED,02:11,131
703,Counting Stars,OneRepublic,04:18,258
704,Rocket,Bearded Legend,01:47,107
705,Родина,METAN,02:22,142
706,Freaks,Surf Curse,02:27,147
707,Пушка,10AGE,03:24,204
708,Нету интереса,10AGE,03:05,185
709,Зоопарк,10AGE,03:00,180
710,Малиновый закат,LVNX & Ann Kovtun,02:03,123
711,I LOVE IT,Luminex,03:00,180
712,Неваляшка,Oxxxymiron,04:17,257
713,We Are Young,Fun. & Janelle Monáe & Wired Strings,04:11,251
714,Hate Myself,NF,04:20,260
715,Наладится,Джарахов,02:47,167
716,белые ночи,ЕГОР НАТС & anushik,03:06,186
717,Девочка Пиздец,Oxxxymiron,02:44,164
718,Холод,Saint Wenz & pavluchenko,02:42,162
719,я сохраню,cold carti,02:09,129
720,человеку нужен человек (prod. by xmindmemories),cold carti,01:58,118
721,Не герой,Lizer,03:22,202
722,Heathens,twenty one pilots,03:16,196
723,Jumpsuit,twenty one pilots,03:59,239
724,Ja Soldat,5'nizza,03:22,202
725,Tear Drop,Ryder Spot,03:34,214
726,Stressed Out,twenty one pilots,03:22,202
727,Винегрет,ЛСП,03:15,195
728,Bandito,twenty one pilots,05:31,331
729,Chlorine (Mexico City),twenty one pilots & Tyler Joseph & Josh Dun,03:59,239
730,Солдат,Любэ,05:07,307
731,Молодые ветра,7Б,04:24,264
732,Goner,twenty one pilots,03:57,237
733,Burn Me Up,Amphibious Zoo Music,02:35,155
734,Новый день,Вектор А,03:12,192
735,No Feelings,Килджо,02:18,138
736,Живая петля,ЛСП & galat,04:09,249
737,Нон стоп,Пошлая Молли,03:34,214
738,Neurotoxin,DEEP-EX-SENSE,02:37,157
739,Не убежал,ЛСП,02:53,173
740,К дому,Кепоут,02:53,173
741,Динозаврики,Папин Олимпос,03:45,225
742,Сектор Приз,ЛСП,02:55,175
743,Улицы (видеть цветные сны),ЛСП,03:48,228
744,Звёздная карта,ЛСП,03:41,221
745,Стилево,Макс Корж,01:50,110
746,Бэнкролл,Lizer,04:58,298
747,Бесконечный магазин,Хаски,02:37,157
748,Много лиц,Mnogoznaal,02:40,160
749,Курточка,Моя Мишель & ЛСП,03:14,194
750,My Life My Rules,ЛАУД & Boulevard Depo & i61,03:41,221
751,Нимфоманка,Монеточка,02:41,161
752,Танцы,ssshhhiiittt!,02:55,175
753,Tokyo Drift (Fast & Furious),Teriyaki Boyz,04:16,256
754,Мистика,ШИШ MNRX,01:28,88
755,Крепость,Дайте танк (!),03:17,197
756,Зашей,GONE.Fludd & IROH,03:16,196
757,КУБИК ЛЬДА,GONE.Fludd,02:21,141
758,Альтернатива,Дайте танк (!),03:51,231
759,Kill La Kill,GONE.Fludd & TVETH,02:38,158
760,Злая молодёжь,METAN,02:05,125
761,Монетка,ЛСП,03:20,200
762,Хиппи,ЛСП,03:18,198
763,Атака Кота,SP4K & ЛСП,03:01,181
764,Мир стал пустым без тебя,ЛСП,03:57,237
765,В голове,Lizer,03:14,194
766,Поп-звезда,ЛСП,02:57,177
767,Я приду к тебе с клубникой в декабре,pyrokinesis,04:39,279
768,Дюны,ЛСП,03:47,227
769,Make Merry,Amphibious Zoo Music,04:03,243
770,Простым,Lizer,02:20,140
771,Ураганы,ЛСП,03:05,185
772,Один,ЛСП,04:13,253
773,Принимай,Mnogoznaal,02:35,155
774,Гнев,LeTai,02:17,137
775,DarkShadowBlunts,BONES,02:08,128
776,5:00 AM,ЛСП & MORGENSHTERN,02:20,140
777,Жизнь не Голливуд,Макс Корж,05:05,305
778,Диктант,Кондрашов,03:17,197
779,Dirrt,Big Baby Tape & kizaru,02:42,162
780,Замигает свет,KENTUKKI,03:54,234
781,Кровавый батут,Вектор А & METAN,03:02,182
782,Да что романтичного в птичках?,pyrokinesis,02:10,130
783,РКН,Слава КПСС & pyrokinesis,04:58,298
784,anbu,iwilldiehere & akiaura,02:45,165
785,Фонари,Блажин,03:41,221
786,Сучка,ЛСП,03:15,195
787,чайлдфри,Noize MC & Монеточка,04:04,244
788,Золотой мальчик,ЛСП,03:36,216
789,Полигон,Oxxxymiron,03:40,220
790,Между нами,Lizer,04:16,256
791,Чёрное солнце,Би-2,04:50,290
792,Panda E,CYGO,04:42,282
793,Поболело и прошло,HENSY,02:34,154
794,Фары,PIZZA,03:48,228
795,Сахарный человек,GONE.Fludd,02:46,166
796,По глазам,SLAVA MARLOW,02:00,120
797,Снова я напиваюсь,SLAVA MARLOW,01:57,117
798,Крики в никуда,Mnogoznaal,02:09,129
799,Это любовь,Скриптонит,04:39,279
800,Billboard,Скриптонит & Miyagi & 104 & Andy Panda & TumaniYO,04:58,298
801,Infinity Volume Two,LXST CXNTURY,02:03,123
802,5 Nights Crazy,Big Baby Tape & kizaru,02:20,140
803,РАТАТАТАТА,MORGENSHTERN & Витя АК,01:58,118
804,КРАСНОЕ ВИНО ФРИСТАЙЛ,MORGENSHTERN & Frame Tamer,02:52,172
805,ЧЕТЫРЕ УКРАИНКИ,MORGENSHTERN,02:03,123
806,Выход есть всегда,Lizer,04:04,244
807,East of Eden,Zella Day,03:06,186
808,SUICIDE YEAR,WEEDMANE & Suicideyear,01:32,92
809,Internal,Rogue Dave,01:41,101
810,Alive,ati2x06 & lusttqwe & bexter,03:00,180
811,MIRAX,LXST CXNTURY,02:35,155
812,Forever,ilyTOMMY,01:48,108
813,Andromeda,LXST CXNTURY,03:37,217
814,МАМБЛ,GONE.Fludd,02:36,156
815,Поэма о Родине,Хаски,02:42,162
816,Brooklyn,Miyagi & Andy Panda & TumaniYO,03:13,193
817,Antarctica,$uicideboy$,02:07,127
818,Минус 40,Mnogoznaal,02:35,155
819,Empathy,Crystal Castles,04:11,251
820,Black Out Days,Phantogram,03:47,227
821,Cornfield Chase,Dorian Marko,02:08,128
822,silhouette,Dorian Papiez,02:14,134
823,BLACK OUT DAYS,Lilybelle,03:21,201
824,Can't Pretend,Tom Odell,03:38,218
825,"Детка, послушай",Noize MC,03:39,219
826,スピードデーモン,HXVRMXN,02:27,147
827,DOF,Mnogoznaal,02:11,131
828,another love,1NZZiDENT,04:08,248
829,Stolen Dance,Milky Chance,05:14,314
830,Riptide,Vance Joy,03:24,204
831,Sweater Weather,The Neighbourhood,04:00,240
832,Call Me,plenka,02:41,161
833,Демоны,Три дня дождя,03:25,205
834,Люди с автоматами,Swanky Tunes & Монеточка & Noize MC,03:13,193
835,Неважно,Макс Корж,03:19,199
836,Override,KSLV Noh,01:55,115
837,Веснянка,Go_A,04:13,253
838,Вечеринка,Скриптонит,06:03,363
839,Грабли,Noize MC,04:37,277
840,Грязь,Кишлак,02:22,142
841,FALLEN,JEEMBO & Pschd,03:39,219
842,Hugging You,Tom Rosenthal,02:52,172
843,Я жду зла,Loqiemean,03:30,210
844,Супер агент,Макс Корж,03:21,201
845,В последний раз,МОЛОДОСТЬ ВНУТРИ & Katanacss,03:02,182
846,По пьяни,МОЛОДОСТЬ ВНУТРИ,02:28,148
847,Горе,DenDerty & МОЛОДОСТЬ ВНУТРИ,02:38,158
848,AMNESIA,LXST CXNTURY,02:55,175
849,Hear Me Now,Exile,03:13,193
850,Castle,Exile,03:40,220
851,Tututu,Exile,02:56,176
852,Fly,Exile,03:09,189
853,Тралики,Макс Корж,04:07,247
854,Нет новостей,Макс Корж,03:33,213
855,Патрон,Кондрашов,01:59,119
856,Мы умрём,Парнишка & ELLA,03:15,195
857,Серотонин,МОЛОДОСТЬ ВНУТРИ,02:52,172
858,потанцуй со мной,losttoyland,03:07,187
859,Панелька,Хаски,03:03,183
860,Спасибо,John Doe,01:47,107
861,DISNEY,SQWOZ BAB & ЛСП,03:29,209
862,Нет тебя,Дора & ЛСП,03:43,223
863,10 негритят,ЛСП,03:18,198
864,Мало,Ayyo & Смоки Мо,02:36,156
865,20,SLAVA MARLOW,01:54,114
866,Контракт,Пошлая Молли,03:25,205
867,Убийца Свин,ЛСП,02:30,150
868,Вселенная бесконечна?,Noize MC,04:21,261
869,Балдёж,Кузьма,02:58,178
870,Pika Girl,S3RL,03:46,226
871,Пикачу,ЛСП,03:39,219
872,Парень с блока,ЛСП,03:04,184
873,Парный дурак,ЛСП,02:49,169
874,Девочка-пришелец,ЛСП,03:04,184
875,Тело,ЛСП,03:45,225
876,CLOUDS,NF,04:04,244
877,Цветы над черепами,pyrokinesis & STED.D,04:05,245
878,дети немой страны,конец солнечных дней,02:12,132
879,Хочется,Градусы,03:00,180
880,Идеальный пациент (1 часть),RAM,02:48,168
881,Плохо танцевать,IOWA,03:23,203
882,Крутой чел,Макс Корж,04:29,269
883,Весна,Lizer,02:36,156
884,Bandana,Big Baby Tape & kizaru,02:32,152
885,Million,Big Baby Tape & kizaru,02:15,135
886,On Da Block,KURT92 & Kaito Shoma,02:32,152
887,Потерян и не найден,ЛСП,03:04,184
888,Голая,Градусы,04:07,247
889,Непохожие,Quest Pistols Show,03:01,181
890,Маршрутка,IOWA,03:11,191
891,Улыбайся,IOWA,03:38,218
892,Простая песня,IOWA,03:24,204
893,140,IOWA,03:37,217
894,Почитай старших,Noize MC,03:22,202
895,DEEP FUSION,LXST CXNTURY,03:26,206
896,Гостиница Космос,Mnogoznaal,02:21,141
897,Gimme The Loot,Big Baby Tape,02:21,141
898,Timberlake,BONES & Juicy J,02:14,134
899,Dream Space,DVRST,02:51,171
900,Там ревели горы,Miyagi & Andy Panda,02:57,177
901,Stan,Eminem & Dido,06:44,404
902,Танцуй сама,Скриптонит,04:37,277
903,Без даты,УННВ,04:02,242
904,masquerade,siouxxie sixxsta,02:25,145
905,S.X.N.D. N.X.D.E.S.,GREEN ORXNGE & Send 1,01:55,115
906,Suffer With Me,Liue,03:28,208
907,Воин,Sagath,02:39,159
908,UWU,KEAN DYSSO,01:56,116
909,Hotline,Kaito Shoma,02:38,158
910,Sahara,Hensonn,02:51,171
911,Armin,NKOHA,02:56,176
912,Колхозник,Mnogoznaal,02:39,159
913,Kill Yourself (Part III),$uicideboy$,02:25,145
914,Close Eyes,DVRST,02:12,132
915,Niagara,KURT92,02:01,121
916,Odium,LXST CXNTURY & Kingpin Skinny Pimp,02:47,167
917,UNITY,LXST CXNTURY & Kingpin Skinny Pimp,02:22,142
918,Положение,Скриптонит,04:43,283
919,Абсолютно чёрное тело,pyrokinesis,02:49,169
920,Не сотвори себе кумира,Sagath,03:33,213
921,За гранью здравого смысла (1 часть),RAM & Suaalma,03:40,220
922,Вали,Канги,02:44,164
923,Патрон,Miyagi & Andy Panda,03:45,225
924,Minor,Miyagi & Andy Panda,02:56,176
925,Yamakasi,Miyagi & Andy Panda,04:24,264
926,Вспоминай меня,Макс Корж,06:32,392
927,Напалм,Макс Корж,02:20,140
928,Тает дым,Макс Корж,03:27,207
929,В её постели,ЛСП,02:58,178
930,Вояджер-1,Noize MC,03:35,215
931,Устал,Канги,02:22,142
932,Улетай на крыльях ветра,Dabro remix,02:42,162
933,Don't Leave Me Here,R.L. Beats,02:23,143
934,LooseScrew,BONES & Eddy Baker,02:54,174
935,Азбука,Boulevard Depo & SP4K,02:07,127
936,В темноте,Noize MC,03:27,207
937,За тобой,Макс Корж,03:57,237
938,Я сегодня очень злой,Sagath & Subhadra,03:21,201
939,Вызывай экзорциста,Sagath,02:17,137
940,Friendly Fire,Boulevard Depo,02:02,122
941,Лирика,Вектор А,02:53,173
942,Мясо,Sagath,02:48,168
943,Смерть,Lizer,03:16,196
944,Мне автомат бы (prod. by northparadise),PAVELB4H,02:15,135
945,Чёрное солнышко,pyrokinesis,03:22,202
946,Чистый,Скриптонит,03:14,194
947,Времена,Макс Корж,05:19,319
948,Я смотрю аниме,DK,03:42,222
949,Всё в порядке,DK,02:35,155
950,Я тут,DK,02:58,178
951,Душевнобольной,Sagath,03:02,182
952,Альма-матер,pyrokinesis,02:38,158
953,Автоплей,ЛСП,03:30,210
954,Стиморол,ЛСП,02:36,156
955,Подельник,ЛСП,02:38,158
956,Свиное рыло,ЛСП,03:06,186
957,Blood // Water,grandson,03:35,215
958,Centuries,Fall Out Boy,03:49,229
959,Зависимость,pyrokinesis,02:47,167
960,Легенда о Богине Гроз,pyrokinesis,03:25,205
961,Сигаретка без кнопки,pyrokinesis,03:03,183
962,Днями-ночами,pyrokinesis & МУККА,03:17,197
963,диско элизиум,pyrokinesis,03:14,194
964,Сахарная вата,pyrokinesis,03:22,202
965,Веснушки,pyrokinesis,03:28,208
966,Цветами радуги,pyrokinesis,04:00,240
967,Некуда бежать,BOOKER & МУККА & pyrokinesis,02:51,171
968,Numb,Linkin Park,03:08,188
969,Legend,The Score,03:09,189
970,Снова один,Тони Раут,03:08,188
971,Интроверт,Тони Раут,03:32,212
972,Хватит,Иван Рейс & Тони Раут,03:02,182
973,Kaonashi,Тони Раут,02:26,146
974,МОШПИТ,OSCAL & Тони Раут,03:04,184
975,Танцуй на костях,Тони Раут & Talibal,03:01,181
976,Карнавал,Тони Раут,02:53,173
977,За всех,MACAN,01:45,105
978,Пополам,BRANYA & MACAN,02:22,142
979,Ненависть к себе,Нефиг делать & Автостопом по фазе сна,02:31,151
980,Канат,ЛСП,03:30,210
981,Я уёбываю в джаз,Кишлак,02:25,145
982,Улица,Lizer,03:25,205
983,Люди,Вектор А,03:07,187
984,Пролетарка,Макс Корж,03:48,228
985,Тор,HELVEGEN,03:00,180
986,Слава роду,HELVEGEN,03:03,183
987,Народная,Вектор А & METAN,02:15,135
988,Мы все умрем,Oxxxymiron,02:46,166
989,Обиды,Дайте танк (!),02:55,175
990,Маленький,Дайте танк (!),04:05,245
991,Спам,Дайте танк (!),03:41,221
992,My Blood,twenty one pilots,03:49,229
993,Hometown,twenty one pilots,03:55,235
994,Nico and the Niners,twenty one pilots,03:47,227
995,Ride,twenty one pilots,03:35,215
996,Polarize,twenty one pilots,03:47,227
997,Experience,Ludovico Einaudi & Daniel Hope & I Virtuosi Italiani,05:13,313
998,Truce,twenty one pilots,02:23,143
999,Wait,M83,05:43,343
1000,It's Ok,Tom Rosenthal,03:11,191
1001,Intro,The xx,02:08,128
1002,Красота и Уродство,Oxxxymiron,02:39,159
1003,Хоп-механика,Oxxxymiron,02:18,138
1004,LIVE ANOTHER DAY,Kordhell,02:14,134
1005,Die a King,Iamjakehill,02:49,169
1006,HOLY SMOKES!,Sxmpra,02:08,128
1007,Ocean Drive,Duke Dumont,03:26,206
1008,Будь что будет,Suleeking Nazlim,02:28,148
1009,In the End,Linkin Park,03:37,217
1010,Back In Black,AC/DC,04:12,252
1011,Call Me Maybe,Carly Rae Jepsen,03:13,193
1012,Hero,Skillet,03:07,187
1013,Эндорфин,Макс Корж,04:29,269
1014,Солнечная Сторона,Loqiemean,03:24,204
1015,Money Rain,VTORNIK,02:35,155
1016,Dynamic,KSLV Noh,02:00,120
1017,Пламя,Sagath & Bearded Legend & Fatal-M,02:51,171
1018,Эмигрант,Макс Корж,02:49,169
1019,Мотылёк,Макс Корж,03:57,237
1020,Затащите меня в ад,Sagath,02:56,176
1021,Ураган,Sagath,02:53,173
1022,По пятам,Sagath & Heartsnow,03:23,203
1023,Papaoutai,Stromae,03:52,232
1024,Мамонтёнок,ЛСП,03:36,216
1025,Цветная бумага,ЛСП,02:59,179
1026,Именно такой'20,ЛСП,04:09,249
1027,Золушка,ЛСП,03:55,235
1028,Вспоминай,ЛСП,03:27,207
1029,Бинокль,ЛСП,03:29,209
1030,Лучше чем интернет,ЛСП,03:00,180
1031,Метеоритный дождь,ЛСП,02:58,178
1032,I Kissed a Girl,Katy Perry,03:00,180
1033,Пора возвращаться домой,Би-2 & Oxxxymiron,04:49,289
1034,Переплетено,Oxxxymiron,04:51,291
1035,Runaway Baby,Bruno Mars,02:28,148
1036,Got U (Ready or Not),Kokab,03:12,192
1037,JUST LIKE FIRE,Lilybelle,03:53,233
1038,Lucky Strike,Maroon 5,03:05,185
1039,Clandestina (Cover),Emma Peters & Edmofo Remix,03:33,213
1040,you not the same,Tilekid,02:09,129
1041,La La La,ONEIL & Miscris,02:43,163
1042,Moves Like Jagger,Maroon 5 & Christina Aguilera,03:23,203
1043,Until We Die,Wateva & Next to neon,02:57,177
1044,Оригами,АДЛИН,02:35,155
1045,З.Л.О.,Sagath,02:17,137
1046,Плевок в вечность,ЛСП,03:14,194
1047,Лабиринт отражений,ЛСП,02:58,178
1048,I Like U,Lucky Luke & Gaullin,02:33,153
1049,Fly Away,Lucky Luke & Duke Luke,02:52,172
1050,Cooler Than Me,Lucky Luke,03:00,180
1051,House of Gold,twenty one pilots,02:44,164
1052,Car Radio,twenty one pilots,04:28,268
1053,ПРИЗРАКОВ НЕ СУЩЕСТВУЕТ,ЯМАУГЛИ,02:26,146
1054,Тарантино,ЯМАУГЛИ,02:52,172
1055,Get Lost,Paul Damixie,03:16,196
1056,Under Control (vocal),Party Tyme,03:06,186
1057,Game,Lucky Luke & Duke Luke,02:19,139
1058,Summertime Sadness,XD & Kiki,02:38,158
1059,Fake You Out,twenty one pilots,03:51,231
1060,THIS IS WHAT YOU CAME FOR,Ravionx,03:59,239
1061,Don't You Worry Child,Swedish House Mafia & John Martin,03:33,213
1062,HUNDRED MILES,Thicc Aesth,02:53,173
1063,Tear in My Heart,twenty one pilots,03:08,188
1064,Chasing The Sun,The Wanted,03:15,195
1065,Alien,Galantis & Lucas & Steve & ILIRA,02:46,166
1066,Don't Worry (with Ray Dalton),Madcon & Ray Dalton,03:34,214
1067,TiK ToK,Kesha,03:20,200
1068,Everybody Talks,Neon Trees,02:57,177
1069,Beautiful Now,Zedd & Jon Bellion,03:38,218
1070,This Girl,Kungs & Cookin' On 3 Burners,03:16,196
1071,Heavydirtysoul,twenty one pilots,03:55,235
1072,One More Night,Maroon 5,03:40,220
1073,Runaway (U & I),Galantis,03:47,227
1074,Highway to Hell,Oz Rocks,03:29,209
1075,Tous Les Mêmes,Stromae,03:34,214
1076,No Lie,Sean Paul & Dua Lipa,03:41,221
1077,Feel Good Inc.,Gorillaz & De La Soul & Jamie Hewlett,03:45,225
1078,August,Intelligency & MBNN,02:46,166
1079,THE GREATEST,Sped Up Plus,03:28,208
1080,TIMBER,Speed Radio,03:34,214
1081,No Money,Galantis,03:11,191
1082,Одна,АДЛИН & Килджо,02:04,124
1083,Dead Inside,АДЛИН,02:05,125
1084,No Love,АДЛИН,02:07,127
1085,CAN YOU FEEL MY HEART,Vamp,03:48,228
1086,Where's My Love,SYML,03:22,202
1087,Without Me,Eminem,04:22,262
1088,Конец света,ЛСП,05:48,348
1089,Еще один день,ЛСП,04:04,244
1090,Отброс,ЛСП,02:32,152
1091,Home,Luke McCormick,05:18,318
1092,Suspicion,LP,03:20,200
1093,Плак-плак,IC3PEAK,03:23,203
1094,"Ой, мама",Горный,02:33,153
1095,Марш,IC3PEAK,02:33,153
1096,Смерти больше нет,IC3PEAK,03:22,202
1097,Деньги не проблема,ЛСП,03:57,237
1098,Разобраться,Lizer,02:55,175
1099,OK,ЛСП,03:06,186
1100,Знак,Sagath,02:44,164
1101,Никогда,ЛСП,02:28,148
1102,Белый танец,ЛСП,04:35,275
1103,Канкан,ЛСП,04:14,254
1104,Холостяк,ЛСП,02:22,142
1105,Бенгер,KURT92,02:13,133
1106,Нейротоксин,DEEP-EX-SENSE & walkie,02:38,158
1107,Счастье любит тишину,КУОК,03:49,229
1108,Домашний,Макс Корж,03:39,219
1109,26.04,Noize MC,03:50,230
1110,Спрос,ЛСП,02:50,170
1111,Нет имени,KURT92,02:33,153
1112,Мемфис,ЯМАУГЛИ,02:07,127
1113,Люли,kostromin,02:27,147
1114,Флэт,Макс Корж & FOTH,03:57,237
1115,RUSSIA,ДЕТИ RAVE,01:33,93
1116,Выключи Свет,KURT92,02:15,135
1117,Кто такой?,КлоуКома,02:03,123
1118,Ноябрь,Макс Корж,04:27,267
1119,Перцовый баллон,METAN,03:09,189
1120,Андеграунд,METAN & Вектор А,02:36,156
1121,Детство,Rauf & Faik,03:08,188
1122,"День, когда мы встретились с тобой",Папин Олимпос,02:46,166
1123,Я всегда буду рядом,Дора,03:29,209
1124,Шнурки,METAN,02:05,125
1125,Терпи,Lovingpray & M.A.T.,03:11,191
1126,Nostalgia,BLESSED MANE,02:53,173
1127,Рок-звезда,SLAVA MARLOW & Pureloveka,02:15,135
1128,My Enemy,CHVRCHES & Matt Berninger,03:53,233
1129,Позови меня тихо по имени,Любэ,02:41,161
1130,Ты неси меня река,Любэ,03:36,216
1131,Конь,Любэ,03:38,218
1132,Двадцать три,фрэнк?,01:35,95
1133,Lost on You,LP,03:31,211
1134,Somebody That I Used To Know,Gotye & Kimbra,04:05,245
1135,Молодым,Lizer,03:29,209
1136,All The Right Moves,OneRepublic,03:58,238
1137,Life,Артём Зайцев,02:29,149
1138,Something Just Like This,The Chainsmokers & Coldplay,04:07,247
1139,La La La,Naughty Boy & Sam Smith,03:41,221
1140,Paper Planes,M.I.A.,03:25,205
1141,Всё как у людей,Noize MC,04:17,257
1142,КУРЮ НЕ МОГУ ДЫШАТЬ,KURT92,01:57,117
1143,Let's Get It On,KURT92,01:56,116
1144,Are You with Me,Lost Frequencies,02:18,138
1145,Lovers on the Sun,David Guetta & Sam Martin,03:24,204
1146,Ooh Ahh (My Life Be Like),Grits & TobyMac,03:53,233
1147,Stole the Show,Kygo,03:43,223
1148,Время,Макс Корж,03:38,218
1149,Cupid's Chokehold / Breakfast in America,Gym Class Heroes,04:03,243
1150,SIA,Lilybelle,03:51,231
1151,Dusk Till Dawn,ZAYN & Sia,03:59,239
1152,Titanium,David Guetta & Sia,04:05,245
1153,Разная дрянь,CAPTOWN,02:15,135
1154,Под водой,Zuwu,02:46,166
1155,Sleepwithu,Silecut,01:37,97
1156,Бассейн,Noize MC,03:37,217
1157,Госпел,bollywoodFM,02:25,145
1158,Ходына,Канги,02:28,148
1159,Малолетняя любовь,ФОГЕЛЬ,03:17,197
1160,Жить не запретишь,Канги,02:44,164
1161,Сумасшедший,КлоуКома,02:41,161
1162,Стресс,SALUKI & ЛСП,02:18,138
1163,CAN WE KISS FOREVER,Melora,03:08,188
1164,Зелёный чемодан,Макс Корж,03:43,223
1165,Not Afraid,Eminem,04:08,248
1166,Everybody Dies In Their Nightmares,XXXTentacion,01:35,95
1167,Добро,Lizer,04:08,248
1168,Devil Eyes,Hippie Sabotage,02:11,131
1169,Losing Interest,inownlove & Shiloh,01:44,104
1170,Get You The Moon,Kina & Snøw,02:59,179
1171,Get Lucky,Daft Punk & Pharrell Williams & Nile Rodgers,04:08,248
1172,Sunset Lover,Petit Biscuit,03:59,239
1173,Настоящий,Макс Корж,03:49,229
1174,Я делаю шаг,The Hatters,03:39,219
1175,Love The Way You Lie,Eminem & Rihanna,04:23,263
1176,Good Feeling,Flo Rida,04:08,248
1177,Из этого города,Lizer,04:31,271
1178,В потолок,KURT92 & Boulevard Depo,02:08,128
1179,Мой друг,Макс Корж,03:33,213
1180,Розовое облако,Полумягкие & Арт,01:55,115
1181,ДЕЛОРИАН,Джарахов,03:28,208
1182,Cloud,Mosquit,04:12,252
1183,Big City Life,Mattafix,04:01,241
1184,Safe And Sound,Capital Cities & Sebu Simonian & Ryan Merchant,03:13,193
1185,ДУРАКАМ ВЕЗЁТ,ФОГЕЛЬ,02:19,139
1186,МИР КАМЕННЫХ БЛОКОВ,ФОГЕЛЬ,02:42,162
1187,Ты любил её?,dalebotbeats,04:05,245
1188,Falling,vibermx,03:16,196
1189,Ууу,ЛСП,02:48,168
1190,Где я,Макс Корж,04:11,251
1191,Кто здесь папа?,Макс Корж,02:13,133
1192,Бессонница,Макс Корж,03:10,190
1193,Своё заберу,Макс Корж,03:55,235
1194,Road,er1taga & d1proo,02:29,149
1195,death bed (coffee for your head),Powfu & beabadoobee,02:53,173
1196,Аugust,Intelligency,03:27,207
1197,I Just Wanna Shine,Fitz & The Tantrums,03:16,196
1198,Пламенный свет,Макс Корж,03:55,235
1199,В темноте,Макс Корж,03:03,183
1200,Балконы,Макс Корж,04:40,280
1201,Горы по колено,Макс Корж,04:00,240
1202,My Way,Calvin Harris,03:39,219
1203,More Than You Know,Axwell /\ Ingrosso & Axwell & Sebastian Ingrosso,03:23,203
1204,Cradles,Sub Urban,03:30,210
1205,Кино,MACAN,03:04,184
1206,GOODMORNINGTOKYO!,Tokyo's Revenge,02:30,150
1207,Way Down We Go,KALEO,03:40,220
1208,Love Me Like You Do,Love Me Like You Do,04:13,253
1209,Кладбище,вышел покурить,01:49,109
1210,Патрон,ЛСП & 25/17,03:30,210
1211,Тысячи рук,SODA LUV,03:06,186
1212,Не сегодня,Lizer,02:36,156
1213,Убьют за нас,Lizer,03:49,229
1214,В жизни так бывает,Lizer,03:35,215
1215,Быстро повзрослел,Lizer,02:48,168
1216,False Mirror,FLESH & Lizer,02:22,142
1217,Характер,Lizer,03:33,213
1218,Never Met!,ENCASSATOR,01:32,92
1219,Домино,NAGAL & ghostofblu,02:55,175
1220,Существо,Sagath,02:54,174
1221,Коктейль,ЛСП,03:03,183
1222,Idol,Hollywood Undead & KURT92,04:07,247
1223,Хулиган,KURT92 & Heartsnow,02:36,156
1224,Кружит,MONATIK,02:47,167
1225,i love u girl.,poofi. & Shiloh Dynasty,01:38,98
1226,Не выдумывай,Макс Корж,04:00,240
1227,Ползать,ЛСП,02:39,159
1228,Slime Love,uglystephan archive,03:09,189
1229,искусство,семьсот семь,01:35,95
1230,В комнате цветных пелерин,Марія Чайковська,02:52,172
1231,театр,owlneverdie,01:56,116
1232,Лифт,PIZZA,03:18,198
1233,Night Trouble,Petit Biscuit,06:31,391
1234,Мама,Burito,03:09,189
1235,Слово пацана,Макс Корж,05:14,314
1236,Колыбельная,Rauf & Faik,03:53,233
1237,NBA,RSAC,02:13,133
1238,Маленький принц,ЛСП,03:01,181
1239,Корабли,Lizer,02:56,176
1240,Faded,Alan Walker,03:33,213
1241,Way down We Go,KALEO,03:28,208
1242,Young And Beautiful,Lana Del Rey,03:56,236
1243,Hear Me Now,Alok & Zeeba & Bruno Martini,03:13,193
1244,Hands Up,Merk & Kremont & DNCE,02:46,166
1245,Hall Of Fame,The Script,03:23,203
1246,Whistle,Flo Rida,03:45,225
1247,Animals,Maroon 5,03:50,230
1248,Take Me To Church,Hozier,04:02,242
1249,Stereo Hearts (feat. Adam Levine),Gym Class Heroes & Adam Levine,03:31,211
1250,Не отдам,Lizer,03:07,187
1251,Дом хрустальный,ЛСП,02:42,162
1252,Рядом С Тобой,GONE.Fludd & M00NCHILD,02:15,135
